Tipo_de_Punto,Lugar,Direccion,Residuos_Aceptados,Dias,Horarios,Latitud,Longitud
Contenedor en vía pública,Metálico Naranja Lateral,ITUZAINGO 412,Reciclables,Lunes a Domingos,19:00 a 21:00,6353204.38,5440907.987
Contenedor en vía pública,Metálico Naranja Lateral,BALCARCE 2981,Reciclables,Lunes a Domingos,19:00 a 21:00,6352403.504,5438465.667
Contenedor en vía pública,Metálico Naranja Lateral,ALEM LEANDRO N 1530,Reciclables,Lunes a Domingos,19:00 a 21:00,6353784.445,5441040.552
Contenedor en vía pública,Metálico Naranja Lateral,CORRIENTES 177,Reciclables,Lunes a Domingos,19:00 a 21:00,6355864.563,5440098.168
Contenedor en vía pública,Metálico Naranja Lateral,GENOVA 5523,Reciclables,Lunes a Domingos,19:00 a 21:00,6358359.292,5434570.403
Contenedor en vía pública,Metálico Naranja Lateral,ITALIA 190,Reciclables,Lunes a Domingos,19:00 a 21:00,6355952.433,5439576.778
Contenedor en vía pública,Metálico Naranja Lateral,GENOVA 6182,Reciclables,Lunes a Domingos,19:00 a 21:00,6358328.52,5433790.44
Contenedor en vía pública,Metálico Naranja Lateral,LAGOS OVIDIO 2509,Reciclables,Lunes a Domingos,19:00 a 21:00,6353188.666,5437703.768
Contenedor en vía pública,Metálico Naranja Lateral,SAN MARTIN GRAL. JOSE 1387,Reciclables,Lunes a Domingos,19:00 a 21:00,6354139.926,5440299.498
Contenedor en vía pública,Metálico Naranja Lateral,ROSAS BRGD. JUAN MANUEL DE 1531,Reciclables,Lunes a Domingos,19:00 a 21:00,6353846.198,5440765.048
Contenedor en vía pública,Metálico Naranja Lateral,ROCA PTE. JULIO ARGENTINO 1381,Reciclables,Lunes a Domingos,19:00 a 21:00,6354312.826,5439509.049
Contenedor en vía pública,Metálico Naranja Lateral,LAGOS OVIDIO 3373,Reciclables,Lunes a Domingos,19:00 a 21:00,6352083.939,5437490.774
Contenedor en vía pública,Metálico Naranja Lateral,TRES DE FEBRERO 809,Reciclables,Lunes a Domingos,19:00 a 21:00,6354199.182,5440550.559
Contenedor en vía pública,Metálico Naranja Lateral,PERON PTE. JUAN DOMINGO 3347,Reciclables,Lunes a Domingos,19:00 a 21:00,6353823.504,5437093.072
Contenedor en vía pública,Metálico Naranja Lateral,PROVINCIAS UNIDAS 3182,Reciclables,Lunes a Domingos,19:00 a 21:00,6352742.076,5433470.355
Contenedor en vía pública,Metálico Naranja Lateral,LAGOS OVIDIO 213,Reciclables,Lunes a Domingos,19:00 a 21:00,6356186.585,5438302.283
Contenedor en vía pública,Metálico Naranja Lateral,OROÑO NICASIO 155,Reciclables,Lunes a Domingos,19:00 a 21:00,6356103.321,5439089.957
Contenedor en vía pública,Metálico Naranja Lateral,ALBERDI JUAN BAUTISTA 910,Reciclables,Lunes a Domingos,19:00 a 21:00,6358192.401,5436023.788
Contenedor en vía pública,Metálico Naranja Lateral,DORREGO MANUEL 509,Reciclables,Lunes a Domingos,19:00 a 21:00,6355566.513,5439366.48
Contenedor en vía pública,Metálico Naranja Lateral,RIOJA 3512,Reciclables,Lunes a Domingos,19:00 a 21:00,6355486.616,5437215.218
Contenedor en vía pública,Metálico Naranja Lateral,SAN LUIS 2444,Reciclables,Lunes a Domingos,19:00 a 21:00,6355043.947,5438540.419
Contenedor en vía pública,Metálico Naranja Lateral,MONTEVIDEO 3695,Reciclables,Lunes a Domingos,19:00 a 21:00,6354583.452,5436782.726
Contenedor en vía pública,Metálico Naranja Lateral,ZEBALLOS DR. ESTANISLAO 2320,Reciclables,Lunes a Domingos,19:00 a 21:00,6354349.262,5438561.402
Contenedor en vía pública,Metálico Naranja Lateral,PROVINCIAS UNIDAS 1187,Reciclables,Lunes a Domingos,19:00 a 21:00,6355391.706,5433376.717
Contenedor en vía pública,Metálico Naranja Lateral,OROÑO NICASIO 351,Reciclables,Lunes a Domingos,19:00 a 21:00,6355848.12,5439037.573
Contenedor en vía pública,Metálico Naranja Lateral,ZEBALLOS DR. ESTANISLAO 2905,Reciclables,Lunes a Domingos,19:00 a 21:00,6354503.061,5437815.297
Contenedor en vía pública,Metálico Naranja Lateral,URQUIZA GRAL. JUSTO JOSE 1969,Reciclables,Lunes a Domingos,19:00 a 21:00,6355595.624,5439280.805
Contenedor en vía pública,Metálico Naranja Lateral,BALCARCE 556,Reciclables,Lunes a Domingos,19:00 a 21:00,6355555.97,5439098.573
Contenedor en vía pública,Metálico Naranja Lateral,SARMIENTO DOMINGO FAUSTINO 1509,Reciclables,Lunes a Domingos,19:00 a 21:00,6354016.538,5440127.298
Contenedor en vía pública,Metálico Naranja Lateral,LAGOS OVIDIO 731,Reciclables,Lunes a Domingos,19:00 a 21:00,6355533.996,5438167.585
Contenedor en vía pública,Metálico Naranja Lateral,OROÑO NICASIO 5877,Reciclables,Lunes a Domingos,19:00 a 21:00,6348438.766,5437883.646
Contenedor en vía pública,Metálico Naranja Lateral,SAN JUAN 4811,Reciclables,Lunes a Domingos,19:00 a 21:00,6355541.263,5435498.68
Contenedor en vía pública,Metálico Naranja Lateral,MENDOZA 4887,Reciclables,Lunes a Domingos,19:00 a 21:00,6355406.636,5435368.933
Contenedor en vía pública,Metálico Naranja Lateral,RIOBAMBA 1011,Reciclables,Lunes a Domingos,19:00 a 21:00,6353110.43,5440070.643
Contenedor en vía pública,Metálico Naranja Lateral,VEINTISIETE DE FEBRERO 1367,Reciclables,Lunes a Domingos,19:00 a 21:00,6352691.837,5439490.089
Contenedor en vía pública,Metálico Naranja Lateral,TRES DE FEBRERO 3518,Reciclables,Lunes a Domingos,19:00 a 21:00,6354909.798,5437088.338
Contenedor en vía pública,Metálico Naranja Lateral,OCAMPO 984,Reciclables,Lunes a Domingos,19:00 a 21:00,6352722.509,5440023.526
Contenedor en vía pública,Metálico Naranja Lateral,OCAMPO 490,Reciclables,Lunes a Domingos,19:00 a 21:00,6352589.182,5440672.745
Contenedor en vía pública,Metálico Naranja Lateral,SARMIENTO DOMINGO FAUSTINO 511,Reciclables,Lunes a Domingos,19:00 a 21:00,6355344.646,5440395.501
Contenedor en vía pública,Metálico Naranja Lateral,TRES DE FEBRERO 3819,Reciclables,Lunes a Domingos,19:00 a 21:00,6354989.303,5436703.374
Contenedor en vía pública,Metálico Naranja Lateral,PRIMERO DE MAYO 1391,Reciclables,Lunes a Domingos,19:00 a 21:00,6353999.756,5440947.987
Contenedor en vía pública,Metálico Naranja Lateral,SANTIAGO 244,Reciclables,Lunes a Domingos,19:00 a 21:00,6356041.433,5438802.676
Contenedor en vía pública,Metálico Naranja Lateral,CHACABUCO 1383,Reciclables,Lunes a Domingos,19:00 a 21:00,6353885.865,5441597.336
Contenedor en vía pública,Metálico Naranja Lateral,PRIMERO DE MAYO 3407,Reciclables,Lunes a Domingos,19:00 a 21:00,6351429.247,5440437.819
Contenedor en vía pública,Metálico Naranja Lateral,AYOLAS JUAN DE 297,Reciclables,Lunes a Domingos,19:00 a 21:00,6351376.05,5440686.131
Contenedor en vía pública,Metálico Naranja Lateral,OCAMPO 1289,Reciclables,Lunes a Domingos,19:00 a 21:00,6352805.889,5439619.372
Contenedor en vía pública,Metálico Naranja Lateral,ITUZAINGO 1985,Reciclables,Lunes a Domingos,19:00 a 21:00,6353626.763,5438854.894
Contenedor en vía pública,Metálico Naranja Lateral,PERON EVA 7381,Reciclables,Lunes a Domingos,19:00 a 21:00,6356572.343,5432573.554
Contenedor en vía pública,Metálico Naranja Lateral,PERON EVA 7683,Reciclables,Lunes a Domingos,19:00 a 21:00,6356690.053,5432008.25
Contenedor en vía pública,Metálico Naranja Lateral,SAN JUAN 5510,Reciclables,Lunes a Domingos,19:00 a 21:00,6355576.568,5434665.617
Contenedor en vía pública,Metálico Naranja Lateral,ROSAS BRGD. JUAN MANUEL DE 979,Reciclables,Lunes a Domingos,19:00 a 21:00,6354583.31,5440922.695
Contenedor en vía pública,Metálico Naranja Lateral,OROÑO NICASIO 1569,Reciclables,Lunes a Domingos,19:00 a 21:00,6354227.633,5438704.78
Contenedor en vía pública,Metálico Naranja Lateral,BUENOS AIRES 653,Reciclables,Lunes a Domingos,19:00 a 21:00,6354986.492,5440860.064
Contenedor en vía pública,Metálico Naranja Lateral,ESTEVEZ BOERO GUILLERMO 585,Reciclables,Lunes a Domingos,19:00 a 21:00,6355008.586,5441182.355
Contenedor en vía pública,Metálico Naranja Lateral,BALCARCE 3190,Reciclables,Lunes a Domingos,19:00 a 21:00,6352142.862,5438381.113
Contenedor en vía pública,Metálico Naranja Lateral,ROCA PTE. JULIO ARGENTINO 1183,Reciclables,Lunes a Domingos,19:00 a 21:00,6354572.154,5439562.776
Contenedor en vía pública,Metálico Naranja Lateral,BUENOS AIRES 939,Reciclables,Lunes a Domingos,19:00 a 21:00,6354667.809,5440793.779
Contenedor en vía pública,Metálico Naranja Lateral,SAN JUAN 3221,Reciclables,Lunes a Domingos,19:00 a 21:00,6355123.588,5437524.546
Contenedor en vía pública,Metálico Naranja Lateral,PERON EVA 8179,Reciclables,Lunes a Domingos,19:00 a 21:00,6356910.437,5430930.433
Contenedor en vía pública,Metálico Naranja Lateral,PELLEGRINI CARLOS 1022,Reciclables,Lunes a Domingos,19:00 a 21:00,6353758.67,5440188.771
Contenedor en vía pública,Metálico Naranja Lateral,PARAGUAY 1022,Reciclables,Lunes a Domingos,19:00 a 21:00,6354770.846,5439739.495
Contenedor en vía pública,Metálico Naranja Lateral,BROWN ALMTE. GUILLERMO 2941,Reciclables,Lunes a Domingos,19:00 a 21:00,6356499.074,5438179.707
Contenedor en vía pública,Metálico Naranja Lateral,GARZON 3850,Reciclables,Lunes a Domingos,19:00 a 21:00,6351880.416,5434155.78
Contenedor en vía pública,Metálico Naranja Lateral,CERRITO 1289,Reciclables,Lunes a Domingos,19:00 a 21:00,6353314.817,5439724.532
Contenedor en vía pública,Metálico Naranja Lateral,MORENO MARIANO 3381,Reciclables,Lunes a Domingos,19:00 a 21:00,6351868.246,5438488.801
Contenedor en vía pública,Metálico Naranja Lateral,BALCARCE 1547,Reciclables,Lunes a Domingos,19:00 a 21:00,6354233.998,5438827.722
Contenedor en vía pública,Metálico Naranja Lateral,BELGRANO GRAL. MANUEL 923,Reciclables,Lunes a Domingos,19:00 a 21:00,6355375.275,5440686.379
Contenedor en vía pública,Metálico Naranja Lateral,PELLEGRINI CARLOS 2089,Reciclables,Lunes a Domingos,19:00 a 21:00,6354027.357,5438799.171
Contenedor en vía pública,Metálico Naranja Lateral,BALCARCE 138,Reciclables,Lunes a Domingos,19:00 a 21:00,6356102.186,5439211.518
Contenedor en vía pública,Metálico Naranja Lateral,TRES DE FEBRERO 2325,Reciclables,Lunes a Domingos,19:00 a 21:00,6354597.055,5438604.285
Contenedor en vía pública,Metálico Naranja Lateral,SAN MARTIN GRAL. JOSE 553,Reciclables,Lunes a Domingos,19:00 a 21:00,6355238.16,5440519.53
Contenedor en vía pública,Metálico Naranja Lateral,CORRIENTES 551,Reciclables,Lunes a Domingos,19:00 a 21:00,6355380.19,5439998.383
Contenedor en vía pública,Metálico Naranja Lateral,PELLEGRINI CARLOS 3438,Reciclables,Lunes a Domingos,19:00 a 21:00,6354397.535,5437087.921
Contenedor en vía pública,Metálico Naranja Lateral,PARAGUAY 509,Reciclables,Lunes a Domingos,19:00 a 21:00,6355460.613,5439880.685
Contenedor en vía pública,Metálico Naranja Lateral,VIAMONTE JUAN JOSE 716,Reciclables,Lunes a Domingos,19:00 a 21:00,6352781.266,5440384.842
Contenedor en vía pública,Metálico Naranja Lateral,OROÑO NICASIO 2830,Reciclables,Lunes a Domingos,19:00 a 21:00,6352628.826,5438351.15
Contenedor en vía pública,Metálico Naranja Lateral,CORRIENTES 1355,Reciclables,Lunes a Domingos,19:00 a 21:00,6354290.88,5439775.111
Contenedor en vía pública,Metálico Naranja Lateral,SAN LUIS 1571,Reciclables,Lunes a Domingos,19:00 a 21:00,6354816.054,5439651.531
Contenedor en vía pública,Metálico Naranja Lateral,SANTA FE 4423,Reciclables,Lunes a Domingos,19:00 a 21:00,6356003.833,5436109.916
Contenedor en vía pública,Metálico Naranja Lateral,SAN MARTIN GRAL. JOSE 3612,Reciclables,Lunes a Domingos,19:00 a 21:00,6351292.244,5439759.421
Contenedor en vía pública,Metálico Naranja Lateral,SAN MARTIN GRAL. JOSE 3312,Reciclables,Lunes a Domingos,19:00 a 21:00,6351694.344,5439789.237
Contenedor en vía pública,Metálico Naranja Lateral,SAN JUAN 5118,Reciclables,Lunes a Domingos,19:00 a 21:00,6355594.718,5435122.243
Contenedor en vía pública,Metálico Naranja Lateral,SAN JUAN 4511,Reciclables,Lunes a Domingos,19:00 a 21:00,6355462.46,5435882.086
Contenedor en vía pública,Metálico Naranja Lateral,MENDOZA 7475,Reciclables,Lunes a Domingos,19:00 a 21:00,6355581.25,5432526.945
Contenedor en vía pública,Metálico Naranja Lateral,MENDOZA 5478,Reciclables,Lunes a Domingos,19:00 a 21:00,6355544.275,5434697.203
Contenedor en vía pública,Metálico Naranja Lateral,MENDOZA 4551,Reciclables,Lunes a Domingos,19:00 a 21:00,6355318.372,5435798.319
Contenedor en vía pública,Metálico Naranja Lateral,PERON EVA 7953,Reciclables,Lunes a Domingos,19:00 a 21:00,6356812.144,5431411.481
Contenedor en vía pública,Metálico Naranja Lateral,BRANDAZZA ANGEL ENRIQUE 2926,Reciclables,Lunes a Domingos,19:00 a 21:00,6352629.024,5437727.78
Contenedor en vía pública,Metálico Naranja Lateral,CATAMARCA 3038,Reciclables,Lunes a Domingos,19:00 a 21:00,6356135.685,5437980.46
Contenedor en vía pública,Metálico Naranja Lateral,ZEBALLOS DR. ESTANISLAO 2634,Reciclables,Lunes a Domingos,19:00 a 21:00,6354431.803,5438160.967
Contenedor en vía pública,Metálico Naranja Lateral,SAN JUAN 3628,Reciclables,Lunes a Domingos,19:00 a 21:00,6355230.376,5437007.287
Contenedor en vía pública,Metálico Naranja Lateral,SAN LORENZO 2387,Reciclables,Lunes a Domingos,19:00 a 21:00,6355572.46,5438722.282
Contenedor en vía pública,Metálico Naranja Lateral,URIBURU PTE. JOSE EVARISTO 412,Reciclables,Lunes a Domingos,19:00 a 21:00,6350106.741,5440270.528
Contenedor en vía pública,Metálico Naranja Lateral,SAN MARTIN GRAL. JOSE 4282,Reciclables,Lunes a Domingos,19:00 a 21:00,6350438.301,5439616.397
Contenedor en vía pública,Metálico Naranja Lateral,MENDOZA 3350,Reciclables,Lunes a Domingos,19:00 a 21:00,6355002.077,5437329.429
Contenedor en vía pública,Metálico Naranja Lateral,WHEELWRIGHT GUILLERMO 1574,Reciclables,Lunes a Domingos,19:00 a 21:00,6356122.157,5439916.935
Contenedor en vía pública,Metálico Naranja Lateral,COLON CRISTOBAL 1356,Reciclables,Lunes a Domingos,19:00 a 21:00,6353971.349,5441346.194
Contenedor en vía pública,Metálico Naranja Lateral,ENTRE RIOS 178,Reciclables,Lunes a Domingos,19:00 a 21:00,6355835.961,5440228.36
Contenedor en vía pública,Metálico Naranja Lateral,ENTRE RIOS 1145,Reciclables,Lunes a Domingos,19:00 a 21:00,6354552.416,5439964.478
Contenedor en vía pública,Metálico Naranja Lateral,COCHABAMBA 411,Reciclables,Lunes a Domingos,19:00 a 21:00,6353458.842,5440960.462
Contenedor en vía pública,Metálico Naranja Lateral,JUJUY 2407,Reciclables,Lunes a Domingos,19:00 a 21:00,6356231.845,5438833.643
Contenedor en vía pública,Metálico Naranja Lateral,ENTRE RIOS 1620,Reciclables,Lunes a Domingos,19:00 a 21:00,6353931.924,5439836.968
Contenedor en vía pública,Metálico Naranja Lateral,GUEMES MARTIN MIGUEL JUAN DE 2407,Reciclables,Lunes a Domingos,19:00 a 21:00,6356487.878,5438886.412
Contenedor en vía pública,Metálico Naranja Lateral,MONTEVIDEO 829,Reciclables,Lunes a Domingos,19:00 a 21:00,6353831.59,5440439.693
Contenedor en vía pública,Metálico Naranja Lateral,DE LA LIBERTAD 361,Reciclables,Lunes a Domingos,19:00 a 21:00,6354491.971,5441213.425
Contenedor en vía pública,Metálico Naranja Lateral,VIAMONTE JUAN JOSE 417,Reciclables,Lunes a Domingos,19:00 a 21:00,6352696.887,5440795.393
Contenedor en vía pública,Metálico Naranja Lateral,VIAMONTE JUAN JOSE 1997,Reciclables,Lunes a Domingos,19:00 a 21:00,6353120.783,5438734.22
Contenedor en vía pública,Metálico Naranja Lateral,VIAMONTE JUAN JOSE 1609,Reciclables,Lunes a Domingos,19:00 a 21:00,6353018.594,5439231.03
Contenedor en vía pública,Metálico Naranja Lateral,VIAMONTE JUAN JOSE 1312,Reciclables,Lunes a Domingos,19:00 a 21:00,6352938.85,5439618.504
Contenedor en vía pública,Metálico Naranja Lateral,VIAMONTE JUAN JOSE 136,Reciclables,Lunes a Domingos,19:00 a 21:00,6352622.258,5441158.556
Contenedor en vía pública,Metálico Naranja Lateral,VIAMONTE JUAN JOSE 1007,Reciclables,Lunes a Domingos,19:00 a 21:00,6352854.523,5440028.557
Contenedor en vía pública,Metálico Naranja Lateral,VEINTISIETE DE FEBRERO 2733,Reciclables,Lunes a Domingos,19:00 a 21:00,6353048.544,5437752.565
Contenedor en vía pública,Metálico Naranja Lateral,VEINTISIETE DE FEBRERO 2461,Reciclables,Lunes a Domingos,19:00 a 21:00,6352979.673,5438089.197
Contenedor en vía pública,Metálico Naranja Lateral,VEINTISIETE DE FEBRERO 2135,Reciclables,Lunes a Domingos,19:00 a 21:00,6352893.21,5438508.967
Contenedor en vía pública,Metálico Naranja Lateral,VEINTISIETE DE FEBRERO 1065,Reciclables,Lunes a Domingos,19:00 a 21:00,6352610.454,5439886.689
Contenedor en vía pública,Metálico Naranja Lateral,VEINTISIETE DE FEBRERO 170,Reciclables,Lunes a Domingos,19:00 a 21:00,6352385.376,5441062.542
Contenedor en vía pública,Metálico Naranja Lateral,PARAGUAY 1515,Reciclables,Lunes a Domingos,19:00 a 21:00,6354116.477,5439603.96
Contenedor en vía pública,Metálico Naranja Lateral,ALEM LEANDRO N 1176,Reciclables,Lunes a Domingos,19:00 a 21:00,6354261.267,5441136.275
Contenedor en vía pública,Metálico Naranja Lateral,PRIMERO DE MAYO 1192,Reciclables,Lunes a Domingos,19:00 a 21:00,6354263.249,5441002.065
Contenedor en vía pública,Metálico Naranja Lateral,PRIMERO DE MAYO 1574,Reciclables,Lunes a Domingos,19:00 a 21:00,6353765.864,5440900.06
Contenedor en vía pública,Metálico Naranja Lateral,NECOCHEA GRAL. MARIANO 1365,Reciclables,Lunes a Domingos,19:00 a 21:00,6353935.32,5441471.534
Contenedor en vía pública,Metálico Naranja Lateral,MITRE GENERAL BARTOLOME 571,Reciclables,Lunes a Domingos,19:00 a 21:00,6355298.644,5440255.03
Contenedor en vía pública,Metálico Naranja Lateral,MITRE GENERAL BARTOLOME 1149,Reciclables,Lunes a Domingos,19:00 a 21:00,6354518.454,5440095.034
Contenedor en vía pública,Metálico Naranja Lateral,MAIPU 724,Reciclables,Lunes a Domingos,19:00 a 21:00,6354991.209,5440618.905
Contenedor en vía pública,Metálico Naranja Lateral,ROSAS BRGD. JUAN MANUEL DE 1122,Reciclables,Lunes a Domingos,19:00 a 21:00,6354391.29,5440881.329
Contenedor en vía pública,Metálico Naranja Lateral,BUENOS AIRES 1374,Reciclables,Lunes a Domingos,19:00 a 21:00,6354078.331,5440671.521
Contenedor en vía pública,Metálico Naranja Lateral,AYACUCHO BATALLA DE 1592,Reciclables,Lunes a Domingos,19:00 a 21:00,6353690.906,5441158.668
Contenedor en vía pública,Metálico Naranja Lateral,ALEM LEANDRO N 1322,Reciclables,Lunes a Domingos,19:00 a 21:00,6354068.128,5441097.644
Contenedor en vía pública,Metálico Naranja Lateral,SAN MARTIN GRAL. JOSE 1576,Reciclables,Lunes a Domingos,19:00 a 21:00,6353900.18,5440249.205
Contenedor en vía pública,Metálico Naranja Lateral,ROCA PTE. JULIO ARGENTINO 354,Reciclables,Lunes a Domingos,19:00 a 21:00,6355689.4,5439791.461
Contenedor en vía pública,Metálico Naranja Lateral,PARAGUAY 876,Reciclables,Lunes a Domingos,19:00 a 21:00,6354988.002,5439784.109
Contenedor en vía pública,Metálico Naranja Lateral,PARAGUAY 326,Reciclables,Lunes a Domingos,19:00 a 21:00,6355699.333,5439930.663
Contenedor en vía pública,Metálico Naranja Lateral,PARAGUAY 1311,Reciclables,Lunes a Domingos,19:00 a 21:00,6354369.765,5439656.365
Contenedor en vía pública,Metálico Naranja Lateral,ENTRE RIOS 957,Reciclables,Lunes a Domingos,19:00 a 21:00,6354800.989,5440015.801
Contenedor en vía pública,Metálico Naranja Lateral,ENTRE RIOS 831,Reciclables,Lunes a Domingos,19:00 a 21:00,6354995.67,5440055.488
Contenedor en vía pública,Metálico Naranja Lateral,CORRIENTES 737,Reciclables,Lunes a Domingos,19:00 a 21:00,6355155.484,5439952.057
Contenedor en vía pública,Metálico Naranja Lateral,CORRIENTES 1514,Reciclables,Lunes a Domingos,19:00 a 21:00,6354092.992,5439733.967
Contenedor en vía pública,Metálico Naranja Lateral,BUENOS AIRES 1565,Reciclables,Lunes a Domingos,19:00 a 21:00,6353835.597,5440622.718
Contenedor en vía pública,Metálico Naranja Lateral,LA PAZ 1292,Reciclables,Lunes a Domingos,19:00 a 21:00,6353061.247,5439666.154
Contenedor en vía pública,Metálico Naranja Lateral,CATAMARCA 3319,Reciclables,Lunes a Domingos,19:00 a 21:00,6356209.673,5437618.548
Contenedor en vía pública,Metálico Naranja Lateral,RIOBAMBA 718,Reciclables,Lunes a Domingos,19:00 a 21:00,6353035.983,5440433.857
Contenedor en vía pública,Metálico Naranja Lateral,RIOBAMBA 1709,Reciclables,Lunes a Domingos,19:00 a 21:00,6353299.719,5439153.891
Contenedor en vía pública,Metálico Naranja Lateral,RIOBAMBA 1521,Reciclables,Lunes a Domingos,19:00 a 21:00,6353249.374,5439397.653
Contenedor en vía pública,Metálico Naranja Lateral,RIOBAMBA 1329,Reciclables,Lunes a Domingos,19:00 a 21:00,6353197.412,5439649.279
Contenedor en vía pública,Metálico Naranja Lateral,PELLEGRINI CARLOS 587,Reciclables,Lunes a Domingos,19:00 a 21:00,6353629.137,5440737.76
Contenedor en vía pública,Metálico Naranja Lateral,PELLEGRINI CARLOS 373,Reciclables,Lunes a Domingos,19:00 a 21:00,6353568.137,5441033.432
Contenedor en vía pública,Metálico Naranja Lateral,PELLEGRINI CARLOS 295,Reciclables,Lunes a Domingos,19:00 a 21:00,6353546.997,5441135.939
Contenedor en vía pública,Metálico Naranja Lateral,PELLEGRINI CARLOS 1775,Reciclables,Lunes a Domingos,19:00 a 21:00,6353945.632,5439197.554
Contenedor en vía pública,Metálico Naranja Lateral,PELLEGRINI CARLOS 1337,Reciclables,Lunes a Domingos,19:00 a 21:00,6353828.999,5439765.936
Contenedor en vía pública,Metálico Naranja Lateral,PELLEGRINI CARLOS 1109,Reciclables,Lunes a Domingos,19:00 a 21:00,6353767.54,5440065.331
Contenedor en vía pública,Metálico Naranja Lateral,LAPRIDA FRANCISCO NARCISO 1731,Reciclables,Lunes a Domingos,19:00 a 21:00,6353655.238,5440435.4
Contenedor en vía pública,Metálico Naranja Lateral,LA PAZ 628,Reciclables,Lunes a Domingos,19:00 a 21:00,6352883.723,5440529.171
Contenedor en vía pública,Metálico Naranja Lateral,LA PAZ 1687,Reciclables,Lunes a Domingos,19:00 a 21:00,6353167.025,5439153.611
Contenedor en vía pública,Metálico Naranja Lateral,ITUZAINGO 712,Reciclables,Lunes a Domingos,19:00 a 21:00,6353289.314,5440494.676
Contenedor en vía pública,Metálico Naranja Lateral,ITUZAINGO 1312,Reciclables,Lunes a Domingos,19:00 a 21:00,6353447.99,5439723.276
Contenedor en vía pública,Metálico Naranja Lateral,ITUZAINGO 114,Reciclables,Lunes a Domingos,19:00 a 21:00,6353125.533,5441291.688
Contenedor en vía pública,Metálico Naranja Lateral,CERRITO 374,Reciclables,Lunes a Domingos,19:00 a 21:00,6353067.075,5440930.114
Contenedor en vía pública,Metálico Naranja Lateral,CERRITO 1885,Reciclables,Lunes a Domingos,19:00 a 21:00,6353473.75,5438952.979
Contenedor en vía pública,Metálico Naranja Lateral,ROCA PTE. JULIO ARGENTINO 2102,Reciclables,Lunes a Domingos,19:00 a 21:00,6353397.95,5439320.64
Contenedor en vía pública,Metálico Naranja Lateral,PELLEGRINI CARLOS 820,Reciclables,Lunes a Domingos,19:00 a 21:00,6353710.001,5440425.249
Contenedor en vía pública,Metálico Naranja Lateral,PELLEGRINI CARLOS 424,Reciclables,Lunes a Domingos,19:00 a 21:00,6353597.396,5440971.368
Contenedor en vía pública,Metálico Naranja Lateral,PELLEGRINI CARLOS 1812,Reciclables,Lunes a Domingos,19:00 a 21:00,6353970.59,5439156.129
Contenedor en vía pública,Metálico Naranja Lateral,PELLEGRINI CARLOS 1632,Reciclables,Lunes a Domingos,19:00 a 21:00,6353923.234,5439386.696
Contenedor en vía pública,Metálico Naranja Lateral,PELLEGRINI CARLOS 1474,Reciclables,Lunes a Domingos,19:00 a 21:00,6353881.688,5439589.285
Contenedor en vía pública,Metálico Naranja Lateral,PELLEGRINI CARLOS 1254,Reciclables,Lunes a Domingos,19:00 a 21:00,6353822.504,5439877.713
Contenedor en vía pública,Metálico Naranja Lateral,PASCO 673,Reciclables,Lunes a Domingos,19:00 a 21:00,6353406.596,5440571.637
Contenedor en vía pública,Metálico Naranja Lateral,PASCO 31,Reciclables,Lunes a Domingos,19:00 a 21:00,6353230.701,5441423.387
Contenedor en vía pública,Metálico Naranja Lateral,PASCO 1890,Reciclables,Lunes a Domingos,19:00 a 21:00,6353729.825,5438998.799
Contenedor en vía pública,Metálico Naranja Lateral,PASCO 1589,Reciclables,Lunes a Domingos,19:00 a 21:00,6353650.231,5439386.531
Contenedor en vía pública,Metálico Naranja Lateral,ENTRE RIOS 1898,Reciclables,Lunes a Domingos,19:00 a 21:00,6353573,5439763.23
Contenedor en vía pública,Metálico Naranja Lateral,BUENOS AIRES 1802,Reciclables,Lunes a Domingos,19:00 a 21:00,6353540.35,5440562.39
Contenedor en vía pública,Metálico Naranja Lateral,COCHABAMBA 1610,Reciclables,Lunes a Domingos,19:00 a 21:00,6353782.091,5439388.308
Contenedor en vía pública,Metálico Naranja Lateral,COCHABAMBA 1347,Reciclables,Lunes a Domingos,19:00 a 21:00,6353712.283,5439729.096
Contenedor en vía pública,Metálico Naranja Lateral,GUTIERREZ JUAN MARIA 419,Reciclables,Lunes a Domingos,19:00 a 21:00,6349797.282,5441805.71
Contenedor en vía pública,Metálico Naranja Lateral,GUTIERREZ JUAN MARIA 54,Reciclables,Lunes a Domingos,19:00 a 21:00,6349766.032,5441034.335
Contenedor en vía pública,Metálico Naranja Lateral,MORA LOLA 39,Reciclables,Lunes a Domingos,19:00 a 21:00,6350056.277,5441176.286
Contenedor en vía pública,Metálico Naranja Lateral,MORA LOLA 89,Reciclables,Lunes a Domingos,19:00 a 21:00,6350044.749,5440947.091
Contenedor en vía pública,Metálico Naranja Lateral,SANCHEZ DE THOMPSON MARIQUITA 239,Reciclables,Lunes a Domingos,19:00 a 21:00,6349882.812,5441531.375
Contenedor en vía pública,Metálico Naranja Lateral,SANCHEZ DE THOMPSON MARIQUITA 110,Reciclables,Lunes a Domingos,19:00 a 21:00,6349855.62,5440875.491
Contenedor en vía pública,Metálico Naranja Lateral,ISOLA DEMETRIO 358,Reciclables,Lunes a Domingos,19:00 a 21:00,6350006.903,5441695.008
Contenedor en vía pública,Metálico Naranja Lateral,ISOLA DEMETRIO 183,Reciclables,Lunes a Domingos,19:00 a 21:00,6350003.581,5441420.839
Contenedor en vía pública,Metálico Naranja Lateral,ALICE ANTONIO 5072,Reciclables,Lunes a Domingos,19:00 a 21:00,6349477.244,5441418.983
Contenedor en vía pública,Metálico Naranja Lateral,BELGRANO GRAL. MANUEL 4694,Reciclables,Lunes a Domingos,19:00 a 21:00,6350027.333,5441894.158
Contenedor en vía pública,Metálico Naranja Lateral,MORENO MARIANO 670,Reciclables,Lunes a Domingos,19:00 a 21:00,6355401.031,5439199.666
Contenedor en vía pública,Metálico Naranja Lateral,MORENO MARIANO 174,Reciclables,Lunes a Domingos,19:00 a 21:00,6356025.492,5439329.541
Contenedor en vía pública,Metálico Naranja Lateral,MORENO MARIANO 45,Reciclables,Lunes a Domingos,19:00 a 21:00,6356310.061,5439387.8
Contenedor en vía pública,Metálico Naranja Lateral,MORENO MARIANO 1358,Reciclables,Lunes a Domingos,19:00 a 21:00,6354445.96,5439003.831
Contenedor en vía pública,Metálico Naranja Lateral,MORENO MARIANO 969,Reciclables,Lunes a Domingos,19:00 a 21:00,6354978.601,5439112.843
Contenedor en vía pública,Metálico Naranja Lateral,ITALIA 583,Reciclables,Lunes a Domingos,19:00 a 21:00,6355441.751,5439472.461
Contenedor en vía pública,Metálico Naranja Lateral,ITALIA 1284,Reciclables,Lunes a Domingos,19:00 a 21:00,6354481.029,5439275.063
Contenedor en vía pública,Metálico Naranja Lateral,ITALIA 1576,Reciclables,Lunes a Domingos,19:00 a 21:00,6354115.601,5439199.75
Contenedor en vía pública,Metálico Naranja Lateral,ITALIA 367,Reciclables,Lunes a Domingos,19:00 a 21:00,6355723.888,5439530.358
Contenedor en vía pública,Metálico Naranja Lateral,ESPAÑA 331,Reciclables,Lunes a Domingos,19:00 a 21:00,6355747.5,5439668.135
Contenedor en vía pública,Metálico Naranja Lateral,ESPAÑA 942,Reciclables,Lunes a Domingos,19:00 a 21:00,6354945.218,5439503.024
Contenedor en vía pública,Metálico Naranja Lateral,ESPAÑA 1116,Reciclables,Lunes a Domingos,19:00 a 21:00,6354703.548,5439453.241
Contenedor en vía pública,Metálico Naranja Lateral,DORREGO MANUEL 1342,Reciclables,Lunes a Domingos,19:00 a 21:00,6354438.47,5439133.369
Contenedor en vía pública,Metálico Naranja Lateral,DORREGO MANUEL 916,Reciclables,Lunes a Domingos,19:00 a 21:00,6355041.602,5439258.187
Contenedor en vía pública,Metálico Naranja Lateral,DORREGO MANUEL 1120,Reciclables,Lunes a Domingos,19:00 a 21:00,6354749.431,5439197.712
Contenedor en vía pública,Metálico Naranja Lateral,DORREGO MANUEL 174,Reciclables,Lunes a Domingos,19:00 a 21:00,6356000.365,5439456.008
Contenedor en vía pública,Metálico Naranja Lateral,BALCARCE 317,Reciclables,Lunes a Domingos,19:00 a 21:00,6355871.494,5439164.38
Contenedor en vía pública,Metálico Naranja Lateral,BALCARCE 1153,Reciclables,Lunes a Domingos,19:00 a 21:00,6354750.26,5438933.125
Contenedor en vía pública,Metálico Naranja Lateral,SARMIENTO DOMINGO FAUSTINO 1053,Reciclables,Lunes a Domingos,19:00 a 21:00,6354625.19,5440249.989
Contenedor en vía pública,Metálico Naranja Lateral,LAVALLE GENERAL JUAN 2073,Reciclables,Lunes a Domingos,19:00 a 21:00,6354061.582,5436270.584
Contenedor en vía pública,Metálico Naranja Lateral,BORDABEHERE DR. ENZO 3935,Reciclables,Lunes a Domingos,19:00 a 21:00,6356394.714,5436838.919
Contenedor en vía pública,Metálico Naranja Lateral,SAN LUIS 3692,Reciclables,Lunes a Domingos,19:00 a 21:00,6355372.489,5436947.764
Contenedor en vía pública,Metálico Naranja Lateral,MITRE GENERAL BARTOLOME 2975,Reciclables,Lunes a Domingos,19:00 a 21:00,6352173.305,5439628.608
Contenedor en vía pública,Metálico Naranja Lateral,SARMIENTO DOMINGO FAUSTINO 3424,Reciclables,Lunes a Domingos,19:00 a 21:00,6351582.076,5439611.705
Contenedor en vía pública,Metálico Naranja Lateral,SARMIENTO DOMINGO FAUSTINO 3104,Reciclables,Lunes a Domingos,19:00 a 21:00,6351986.932,5439695.351
Contenedor en vía pública,Metálico Naranja Lateral,MITRE GENERAL BARTOLOME 3293,Reciclables,Lunes a Domingos,19:00 a 21:00,6351771.738,5439545.847
Contenedor en vía pública,Metálico Naranja Lateral,MITRE GENERAL BARTOLOME 2693,Reciclables,Lunes a Domingos,19:00 a 21:00,6352535.242,5439703.719
Contenedor en vía pública,Metálico Naranja Lateral,PARAGUAY 2964,Reciclables,Lunes a Domingos,19:00 a 21:00,6352272.931,5439209.326
Contenedor en vía pública,Metálico Naranja Lateral,ROCA PTE. JULIO ARGENTINO 3459,Reciclables,Lunes a Domingos,19:00 a 21:00,6351664.874,5438979.606
Contenedor en vía pública,Metálico Naranja Lateral,ROCA PTE. JULIO ARGENTINO 3185,Reciclables,Lunes a Domingos,19:00 a 21:00,6352012.208,5439050.983
Contenedor en vía pública,Metálico Naranja Lateral,ROCA PTE. JULIO ARGENTINO 2941,Reciclables,Lunes a Domingos,19:00 a 21:00,6352323.03,5439115.389
Contenedor en vía pública,Metálico Naranja Lateral,ESPAÑA 3306,Reciclables,Lunes a Domingos,19:00 a 21:00,6351893.359,5438859.794
Contenedor en vía pública,Metálico Naranja Lateral,ESPAÑA 2714,Reciclables,Lunes a Domingos,19:00 a 21:00,6352647.967,5439015.18
Contenedor en vía pública,Metálico Naranja Lateral,ITALIA 3571,Reciclables,Lunes a Domingos,19:00 a 21:00,6351581.871,5438693.642
Contenedor en vía pública,Metálico Naranja Lateral,ITALIA 2989,Reciclables,Lunes a Domingos,19:00 a 21:00,6352314.726,5438844.582
Contenedor en vía pública,Metálico Naranja Lateral,DORREGO MANUEL 3342,Reciclables,Lunes a Domingos,19:00 a 21:00,6351896.531,5438595.057
Contenedor en vía pública,Metálico Naranja Lateral,DORREGO MANUEL 3016,Reciclables,Lunes a Domingos,19:00 a 21:00,6352315.38,5438681.694
Contenedor en vía pública,Metálico Naranja Lateral,MORENO MARIANO 3186,Reciclables,Lunes a Domingos,19:00 a 21:00,6352121.443,5438510.409
Contenedor en vía pública,Metálico Naranja Lateral,SARMIENTO DOMINGO FAUSTINO 2804,Reciclables,Lunes a Domingos,19:00 a 21:00,6352362.966,5439772.575
Contenedor en vía pública,Metálico Naranja Lateral,MITRE GENERAL BARTOLOME 3537,Reciclables,Lunes a Domingos,19:00 a 21:00,6351460.033,5439482.621
Contenedor en vía pública,Metálico Naranja Lateral,ENTRE RIOS 3466,Reciclables,Lunes a Domingos,19:00 a 21:00,6351580.048,5439337.447
Contenedor en vía pública,Metálico Naranja Lateral,ENTRE RIOS 3152,Reciclables,Lunes a Domingos,19:00 a 21:00,6351977.427,5439419.109
Contenedor en vía pública,Metálico Naranja Lateral,ENTRE RIOS 2890,Reciclables,Lunes a Domingos,19:00 a 21:00,6352315.036,5439488.935
Contenedor en vía pública,Metálico Naranja Lateral,CORRIENTES 2791,Reciclables,Lunes a Domingos,19:00 a 21:00,6352461.642,5439412.977
Contenedor en vía pública,Metálico Naranja Lateral,PARAGUAY 3514,Reciclables,Lunes a Domingos,19:00 a 21:00,6351575.72,5439066.389
Contenedor en vía pública,Metálico Naranja Lateral,PARAGUAY 3250,Reciclables,Lunes a Domingos,19:00 a 21:00,6351908.726,5439134.464
Contenedor en vía pública,Metálico Naranja Lateral,PARAGUAY 2708,Reciclables,Lunes a Domingos,19:00 a 21:00,6352602.23,5439276.845
Contenedor en vía pública,Metálico Naranja Lateral,ESPAÑA 3010,Reciclables,Lunes a Domingos,19:00 a 21:00,6352268.694,5438937.662
Contenedor en vía pública,Metálico Naranja Lateral,ITALIA 2657,Reciclables,Lunes a Domingos,19:00 a 21:00,6352742.03,5438932.211
Contenedor en vía pública,Metálico Naranja Lateral,DORREGO MANUEL 2748,Reciclables,Lunes a Domingos,19:00 a 21:00,6352647.164,5438750.061
Contenedor en vía pública,Metálico Naranja Lateral,MORENO MARIANO 2881,Reciclables,Lunes a Domingos,19:00 a 21:00,6352504.584,5438619.92
Contenedor en vía pública,Metálico Naranja Lateral,BALCARCE 3504,Reciclables,Lunes a Domingos,19:00 a 21:00,6351737.818,5438297.865
Contenedor en vía pública,Metálico Naranja Lateral,BALCARCE 2664,Reciclables,Lunes a Domingos,19:00 a 21:00,6352810.694,5438519.161
Contenedor en vía pública,Metálico Naranja Lateral,CORRIENTES 3375,Reciclables,Lunes a Domingos,19:00 a 21:00,6351717.963,5439260.594
Contenedor en vía pública,Metálico Naranja Lateral,CORRIENTES 3093,Reciclables,Lunes a Domingos,19:00 a 21:00,6352076.128,5439333.573
Contenedor en vía pública,Metálico Naranja Lateral,ITALIA 3271,Reciclables,Lunes a Domingos,19:00 a 21:00,6351956.989,5438770.638
Contenedor en vía pública,Metálico Naranja Lateral,COLON CRISTOBAL 3012,Reciclables,Lunes a Domingos,19:00 a 21:00,6351864.388,5440901.385
Contenedor en vía pública,Metálico Naranja Lateral,SAN NICOLAS 2400,Reciclables,Lunes a Domingos,19:00 a 21:00,6353530.683,5436677.14
Contenedor en vía pública,Metálico Naranja Lateral,CAFFERATA JUAN MANUEL 2200,Reciclables,Lunes a Domingos,19:00 a 21:00,6353765.829,5436859.11
Contenedor en vía pública,Metálico Naranja Lateral,CRESPO GOBERNADOR DOMINGO 2400,Reciclables,Lunes a Domingos,19:00 a 21:00,6353451.48,5437059.245
Contenedor en vía pública,Metálico Naranja Lateral,IRIONDO GOBERNADOR SIMON 2300,Reciclables,Lunes a Domingos,19:00 a 21:00,6353612.081,5436959.528
Contenedor en vía pública,Metálico Naranja Lateral,CASTELLANOS AARON 2400,Reciclables,Lunes a Domingos,19:00 a 21:00,6353583.475,5436422.486
Contenedor en vía pública,Metálico Naranja Lateral,IRIONDO GOBERNADOR SIMON 1900,Reciclables,Lunes a Domingos,19:00 a 21:00,6354120.789,5437064.887
Contenedor en vía pública,Metálico Naranja Lateral,CAFFERATA JUAN MANUEL 2500,Reciclables,Lunes a Domingos,19:00 a 21:00,6353383.623,5436779.957
Contenedor en vía pública,Metálico Naranja Lateral,LAVALLE GENERAL JUAN 2400,Reciclables,Lunes a Domingos,19:00 a 21:00,6353636.397,5436167.212
Contenedor en vía pública,Metálico Naranja Lateral,ALSINA ADOLFO 2500,Reciclables,Lunes a Domingos,19:00 a 21:00,6353482.912,5436268.337
Contenedor en vía pública,Metálico Naranja Lateral,SAN NICOLAS 1800,Reciclables,Lunes a Domingos,19:00 a 21:00,6354301.076,5436836.698
Contenedor en vía pública,Metálico Naranja Lateral,CONSTITUCION 2300,Reciclables,Lunes a Domingos,19:00 a 21:00,6353691.129,5436577.362
Contenedor en vía pública,Metálico Naranja Lateral,CAFFERATA JUAN MANUEL 1900,Reciclables,Lunes a Domingos,19:00 a 21:00,6354140.743,5436936.766
Contenedor en vía pública,Metálico Naranja Lateral,CRESPO GOBERNADOR DOMINGO 1800,Reciclables,Lunes a Domingos,19:00 a 21:00,6354217.263,5437217.958
Contenedor en vía pública,Metálico Naranja Lateral,CARRASCO OMAR 2500,Reciclables,Lunes a Domingos,19:00 a 21:00,6353219.813,5437543.022
Contenedor en vía pública,Metálico Naranja Lateral,CARRASCO OMAR 2200,Reciclables,Lunes a Domingos,19:00 a 21:00,6353607.149,5437622.891
Contenedor en vía pública,Metálico Naranja Lateral,SAN NICOLAS 2100,Reciclables,Lunes a Domingos,19:00 a 21:00,6353919.483,5436757.663
Contenedor en vía pública,Metálico Naranja Lateral,SUIPACHA 2400,Reciclables,Lunes a Domingos,19:00 a 21:00,6353379.342,5437443.118
Contenedor en vía pública,Metálico Naranja Lateral,VERA MUJICA FRANCISCO 1900,Reciclables,Lunes a Domingos,19:00 a 21:00,6354068.028,5437319.502
Contenedor en vía pública,Metálico Naranja Lateral,CARRASCO OMAR 1900,Reciclables,Lunes a Domingos,19:00 a 21:00,6353942.581,5437692.068
Contenedor en vía pública,Metálico Naranja Lateral,VERA MUJICA FRANCISCO 2500,Reciclables,Lunes a Domingos,19:00 a 21:00,6353304.688,5437161.413
Contenedor en vía pública,Metálico Naranja Lateral,VERA MUJICA FRANCISCO 2200,Reciclables,Lunes a Domingos,19:00 a 21:00,6353686.898,5437240.57
Contenedor en vía pública,Metálico Naranja Lateral,SUIPACHA 2100,Reciclables,Lunes a Domingos,19:00 a 21:00,6353761.375,5437521.893
Contenedor en vía pública,Metálico Naranja Lateral,MAIPU 3485,Reciclables,Lunes a Domingos,19:00 a 21:00,6351443.215,5439880.848
Contenedor en vía pública,Metálico Naranja Lateral,SANTAFESINO O SANTAFECINO 3076,Reciclables,Lunes a Domingos,19:00 a 21:00,6351689.273,5441319.782
Contenedor en vía pública,Metálico Naranja Lateral,CHACABUCO 3324,Reciclables,Lunes a Domingos,19:00 a 21:00,6351413.672,5441075.332
Contenedor en vía pública,Metálico Naranja Lateral,CHACABUCO 3016,Reciclables,Lunes a Domingos,19:00 a 21:00,6351806.623,5441155.396
Contenedor en vía pública,Metálico Naranja Lateral,COLON CRISTOBAL 2710,Reciclables,Lunes a Domingos,19:00 a 21:00,6352247.233,5440979.859
Contenedor en vía pública,Metálico Naranja Lateral,ESMERALDA 3189,Reciclables,Lunes a Domingos,19:00 a 21:00,6351550.734,5441266.234
Contenedor en vía pública,Metálico Naranja Lateral,BUENOS AIRES 3185,Reciclables,Lunes a Domingos,19:00 a 21:00,6351772.824,5440214.015
Contenedor en vía pública,Metálico Naranja Lateral,LAPRIDA FRANCISCO NARCISO 2916,Reciclables,Lunes a Domingos,19:00 a 21:00,6352154.408,5440110.805
Contenedor en vía pública,Metálico Naranja Lateral,ALEM LEANDRO N 2701,Reciclables,Lunes a Domingos,19:00 a 21:00,6352294.496,5440750.001
Contenedor en vía pública,Metálico Naranja Lateral,COLON CRISTOBAL 3310,Reciclables,Lunes a Domingos,19:00 a 21:00,6351482.758,5440822.744
Contenedor en vía pública,Metálico Naranja Lateral,CHACABUCO 2730,Reciclables,Lunes a Domingos,19:00 a 21:00,6352170.132,5441230.963
Contenedor en vía pública,Metálico Naranja Lateral,ESMERALDA 2841,Reciclables,Lunes a Domingos,19:00 a 21:00,6351995.532,5441358.315
Contenedor en vía pública,Metálico Naranja Lateral,SANTAFESINO O SANTAFECINO 2814,Reciclables,Lunes a Domingos,19:00 a 21:00,6352027.138,5441388.881
Contenedor en vía pública,Metálico Naranja Lateral,AYACUCHO BATALLA DE 3075,Reciclables,Lunes a Domingos,19:00 a 21:00,6351801.422,5440787.175
Contenedor en vía pública,Metálico Naranja Lateral,RUEDA MIGUEL 490,Reciclables,Lunes a Domingos,19:00 a 21:00,6352093.902,5440572.534
Contenedor en vía pública,Metálico Naranja Lateral,ROSAS BRGD. JUAN MANUEL DE 3210,Reciclables,Lunes a Domingos,19:00 a 21:00,6351720.682,5440310.772
Contenedor en vía pública,Metálico Naranja Lateral,PRIMERO DE MAYO 3189,Reciclables,Lunes a Domingos,19:00 a 21:00,6351709.482,5440496.044
Contenedor en vía pública,Metálico Naranja Lateral,ROSAS BRGD. JUAN MANUEL DE 3510,Reciclables,Lunes a Domingos,19:00 a 21:00,6351339.754,5440232.295
Contenedor en vía pública,Metálico Naranja Lateral,BUENOS AIRES 2889,Reciclables,Lunes a Domingos,19:00 a 21:00,6352149.932,5440292.085
Contenedor en vía pública,Metálico Naranja Lateral,AYACUCHO BATALLA DE 2781,Reciclables,Lunes a Domingos,19:00 a 21:00,6352175.608,5440863.877
Contenedor en vía pública,Metálico Naranja Lateral,ROSAS BRGD. JUAN MANUEL DE 2938,Reciclables,Lunes a Domingos,19:00 a 21:00,6352069.818,5440382.781
Contenedor en vía pública,Metálico Naranja Lateral,NECOCHEA GRAL. MARIANO 3483,Reciclables,Lunes a Domingos,19:00 a 21:00,6351229.381,5440933.515
Contenedor en vía pública,Metálico Naranja Lateral,ALEM LEANDRO N 3308,Reciclables,Lunes a Domingos,19:00 a 21:00,6351535.985,5440563.688
Contenedor en vía pública,Metálico Naranja Lateral,LAPRIDA FRANCISCO NARCISO 3218,Reciclables,Lunes a Domingos,19:00 a 21:00,6351769.271,5440031.386
Contenedor en vía pública,Metálico Naranja Lateral,AYACUCHO BATALLA DE 3567,Reciclables,Lunes a Domingos,19:00 a 21:00,6351191.894,5440620.195
Contenedor en vía pública,Metálico Naranja Lateral,MAIPU 3173,Reciclables,Lunes a Domingos,19:00 a 21:00,6351840.744,5439962.66
Contenedor en vía pública,Metálico Naranja Lateral,LAPRIDA FRANCISCO NARCISO 3546,Reciclables,Lunes a Domingos,19:00 a 21:00,6351354.417,5439946.194
Contenedor en vía pública,Metálico Naranja Lateral,ALEM LEANDRO N 3016,Reciclables,Lunes a Domingos,19:00 a 21:00,6351913.106,5440641.075
Contenedor en vía pública,Metálico Naranja Lateral,RUEDA MIGUEL 916,Reciclables,Lunes a Domingos,19:00 a 21:00,6352210.677,5440006.18
Contenedor en vía pública,Metálico Naranja Lateral,GALVEZ JOSE 701,Reciclables,Lunes a Domingos,19:00 a 21:00,6352383.164,5440309.324
Contenedor en vía pública,Metálico Naranja Lateral,BUENOS AIRES 3483,Reciclables,Lunes a Domingos,19:00 a 21:00,6351389.596,5440135.302
Contenedor en vía pública,Metálico Naranja Lateral,VIRASORO GRAL. BENJAMIN 855,Reciclables,Lunes a Domingos,19:00 a 21:00,6352295.1,5440091.883
Contenedor en vía pública,Metálico Naranja Lateral,SAN MARTIN GRAL. JOSE 4840,Reciclables,Lunes a Domingos,19:00 a 21:00,6349724.807,5439489.549
Contenedor en vía pública,Metálico Naranja Lateral,SAN LUIS 1415,Reciclables,Lunes a Domingos,19:00 a 21:00,6354774.373,5439854.649
Contenedor en vía pública,Metálico Naranja Lateral,DORREGO MANUEL 52,Reciclables,Lunes a Domingos,19:00 a 21:00,6356292.747,5439516.914
Contenedor en vía pública,Metálico Naranja Lateral,LA PAZ 1889,Reciclables,Lunes a Domingos,19:00 a 21:00,6353220.05,5438896.793
Contenedor en vía pública,Metálico Naranja Lateral,PARAGUAY 142,Reciclables,Lunes a Domingos,19:00 a 21:00,6355937.883,5439980.549
Contenedor en vía pública,Metálico Naranja Lateral,ITUZAINGO 1620,Reciclables,Lunes a Domingos,19:00 a 21:00,6353530.534,5439322.197
Contenedor en vía pública,Metálico Naranja Lateral,MENDOZA 6339,Reciclables,Lunes a Domingos,19:00 a 21:00,6355630.045,5433752.893
Contenedor en vía pública,Metálico Naranja Lateral,URQUIZA GRAL. JUSTO JOSE 3921,Reciclables,Lunes a Domingos,19:00 a 21:00,6356106.754,5436798.402
Contenedor en vía pública,Metálico Naranja Lateral,ZEBALLOS DR. ESTANISLAO 3811,Reciclables,Lunes a Domingos,19:00 a 21:00,6354740.813,5436663.284
Contenedor en vía pública,Metálico Naranja Lateral,SANTA FE 4753,Reciclables,Lunes a Domingos,19:00 a 21:00,6356090.262,5435690.344
Contenedor en vía pública,Metálico Naranja Lateral,ROCA PTE. JULIO ARGENTINO 963,Reciclables,Lunes a Domingos,19:00 a 21:00,6354883.282,5439626.396
Contenedor en vía pública,Metálico Naranja Lateral,AYACUCHO BATALLA DE 5971,Reciclables,Lunes a Domingos,19:00 a 21:00,6348415.784,5440581.044
Contenedor en vía pública,Metálico Naranja Lateral,CARRASCO EUDORO 2909,Reciclables,Lunes a Domingos,19:00 a 21:00,6361711.144,5435619.483
Contenedor en vía pública,Metálico Naranja Lateral,SEGUI JUAN FRANCISCO 1922,Reciclables,Lunes a Domingos,19:00 a 21:00,6351583.803,5438519.261
Contenedor en vía pública,Metálico Naranja Lateral,MORENO MARIANO 1565,Reciclables,Lunes a Domingos,19:00 a 21:00,6354182.922,5438950.051
Contenedor en vía pública,Metálico Naranja Lateral,AYACUCHO BATALLA DE 1392,Reciclables,Lunes a Domingos,19:00 a 21:00,6353947.027,5441208.383
Contenedor en vía pública,Metálico Naranja Lateral,OCAMPO 47,Reciclables,Lunes a Domingos,19:00 a 21:00,6352471.639,5441245.273
Contenedor en vía pública,Metálico Naranja Lateral,NUEVE DE JULIO 3991,Reciclables,Lunes a Domingos,19:00 a 21:00,6354917.347,5436458.321
Contenedor en vía pública,Metálico Naranja Lateral,COCHABAMBA 1015,Reciclables,Lunes a Domingos,19:00 a 21:00,6353621.911,5440169.555
Contenedor en vía pública,Metálico Naranja Lateral,MAIPU 555,Reciclables,Lunes a Domingos,19:00 a 21:00,6355152.353,5440653.216
Contenedor en vía pública,Metálico Naranja Lateral,BALCARCE 903,Reciclables,Lunes a Domingos,19:00 a 21:00,6355114.442,5439008.402
Contenedor en vía pública,Metálico Naranja Lateral,TUCUMAN 3257,Reciclables,Lunes a Domingos,19:00 a 21:00,6356062.258,5437667.294
Contenedor en vía pública,Metálico Naranja Lateral,MENDOZA 6073,Reciclables,Lunes a Domingos,19:00 a 21:00,6355641.358,5434037.445
Contenedor en vía pública,Metálico Naranja Lateral,ENTRE RIOS 1463,Reciclables,Lunes a Domingos,19:00 a 21:00,6354129.811,5439877.629
Contenedor en vía pública,Metálico Naranja Lateral,SAN LUIS 2761,Reciclables,Lunes a Domingos,19:00 a 21:00,6355127.483,5438135.152
Contenedor en vía pública,Metálico Naranja Lateral,OROÑO NICASIO 581,Reciclables,Lunes a Domingos,19:00 a 21:00,6355546.886,5438975.688
Contenedor en vía pública,Metálico Naranja Lateral,SAN LORENZO 2991,Reciclables,Lunes a Domingos,19:00 a 21:00,6355731.284,5437953.659
Contenedor en vía pública,Metálico Naranja Lateral,URIBURU PTE. JOSE EVARISTO 1981,Reciclables,Lunes a Domingos,19:00 a 21:00,6349994.005,5438073.692
Contenedor en vía pública,Metálico Naranja Lateral,SAN JUAN 2615,Reciclables,Lunes a Domingos,19:00 a 21:00,6354964.497,5438296.013
Contenedor en vía pública,Metálico Naranja Lateral,SANTA FE 5148,Reciclables,Lunes a Domingos,19:00 a 21:00,6356197.398,5435075.121
Contenedor en vía pública,Metálico Naranja Lateral,CRESPO GOBERNADOR DOMINGO 931,Reciclables,Lunes a Domingos,19:00 a 21:00,6355379.66,5437471.906
Contenedor en vía pública,Metálico Naranja Lateral,SAN JUAN 4249,Reciclables,Lunes a Domingos,19:00 a 21:00,6355394.186,5436214.22
Contenedor en vía pública,Metálico Naranja Lateral,LAPRIDA FRANCISCO NARCISO 645,Reciclables,Lunes a Domingos,19:00 a 21:00,6354999.563,5440763.663
Contenedor en vía pública,Metálico Naranja Lateral,MONTEVIDEO 2438,Reciclables,Lunes a Domingos,19:00 a 21:00,6354252.956,5438384.905
Contenedor en vía pública,Metálico Naranja Lateral,DORREGO MANUEL 326,Reciclables,Lunes a Domingos,19:00 a 21:00,6355805.598,5439415.322
Contenedor en vía pública,Metálico Naranja Lateral,MONTEVIDEO 2438,Reciclables,Lunes a Domingos,19:00 a 21:00,6354252.956,5438384.905
Contenedor en vía pública,Metálico Naranja Lateral,MONTEVIDEO 3989,Reciclables,Lunes a Domingos,19:00 a 21:00,6354660.785,5436408.123
Contenedor en vía pública,Metálico Naranja Lateral,MENDOZA 885,Reciclables,Lunes a Domingos,19:00 a 21:00,6354357.784,5440495.977
Contenedor en vía pública,Metálico Naranja Lateral,MORENO MARIANO 377,Reciclables,Lunes a Domingos,19:00 a 21:00,6355763.784,5439273.868
Contenedor en vía pública,Metálico Naranja Lateral,PELLEGRINI CARLOS 3106,Reciclables,Lunes a Domingos,19:00 a 21:00,6354312.227,5437501.883
Contenedor en vía pública,Metálico Naranja Lateral,PROVINCIAS UNIDAS 2381,Reciclables,Lunes a Domingos,19:00 a 21:00,6353798.678,5433441.457
Contenedor en vía pública,Metálico Naranja Lateral,PELLEGRINI CARLOS 1585,Reciclables,Lunes a Domingos,19:00 a 21:00,6353895.379,5439442.274
Contenedor en vía pública,Metálico Naranja Lateral,LA PAZ 395,Reciclables,Lunes a Domingos,19:00 a 21:00,6352818.283,5440848.086
Contenedor en vía pública,Metálico Naranja Lateral,SAN MARTIN GRAL. JOSE 322,Reciclables,Lunes a Domingos,19:00 a 21:00,6355548.313,5440582.802
Contenedor en vía pública,Metálico Naranja Lateral,SAN LUIS 1756,Reciclables,Lunes a Domingos,19:00 a 21:00,6354864.918,5439413.434
Contenedor en vía pública,Metálico Naranja Lateral,SAN LUIS 887,Reciclables,Lunes a Domingos,19:00 a 21:00,6354630.721,5440553.769
Contenedor en vía pública,Metálico Naranja Lateral,SEGUI JUAN FRANCISCO 1028,Reciclables,Lunes a Domingos,19:00 a 21:00,6351337.887,5439716.414
Contenedor en vía pública,Metálico Naranja Lateral,SEGUI JUAN FRANCISCO 467,Reciclables,Lunes a Domingos,19:00 a 21:00,6351170.68,5440413.409
Contenedor en vía pública,Metálico Naranja Lateral,SANTA FE 5319,Reciclables,Lunes a Domingos,19:00 a 21:00,6356183.488,5434870.588
Contenedor en vía pública,Metálico Naranja Lateral,SANTA FE 5070,Reciclables,Lunes a Domingos,19:00 a 21:00,6356173.833,5435284.673
Contenedor en vía pública,Metálico Naranja Lateral,PERON EVA 7061,Reciclables,Lunes a Domingos,19:00 a 21:00,6356500.791,5432919.669
Contenedor en vía pública,Metálico Naranja Lateral,PERON EVA 5382,Reciclables,Lunes a Domingos,19:00 a 21:00,6356119.106,5434795.018
Contenedor en vía pública,Metálico Naranja Lateral,PERON EVA 6269,Reciclables,Lunes a Domingos,19:00 a 21:00,6356320.193,5433792.952
Contenedor en vía pública,Metálico Naranja Lateral,PERON EVA 5721,Reciclables,Lunes a Domingos,19:00 a 21:00,6356195.449,5434396.3
Contenedor en vía pública,Metálico Naranja Lateral,PERON EVA 4780,Reciclables,Lunes a Domingos,19:00 a 21:00,6355948.274,5435621.896
Contenedor en vía pública,Metálico Naranja Lateral,MORENO MARIANO 1183,Reciclables,Lunes a Domingos,19:00 a 21:00,6354675.373,5439050.766
Contenedor en vía pública,Metálico Naranja Lateral,SANTA FE 4147,Reciclables,Lunes a Domingos,19:00 a 21:00,6355930.793,5436464.473
Contenedor en vía pública,Metálico Naranja Lateral,SAN LUIS 3962,Reciclables,Lunes a Domingos,19:00 a 21:00,6355443.093,5436605.74
Contenedor en vía pública,Metálico Naranja Lateral,SAN MARTIN GRAL. JOSE 1219,Reciclables,Lunes a Domingos,19:00 a 21:00,6354362.582,5440346.218
Contenedor en vía pública,Metálico Naranja Lateral,BALCARCE 1331,Reciclables,Lunes a Domingos,19:00 a 21:00,6354505.084,5438882.978
Contenedor en vía pública,Metálico Naranja Lateral,URQUIZA GRAL. JUSTO JOSE 844,Reciclables,Lunes a Domingos,19:00 a 21:00,6355169.711,5440725.972
Contenedor en vía pública,Metálico Naranja Lateral,MENDOZA 2494,Reciclables,Lunes a Domingos,19:00 a 21:00,6354778.143,5438415.285
Contenedor en vía pública,Metálico Naranja Lateral,PELLEGRINI CARLOS 2624,Reciclables,Lunes a Domingos,19:00 a 21:00,6354183.933,5438123.486
Contenedor en vía pública,Metálico Naranja Lateral,TUCUMAN 2997,Reciclables,Lunes a Domingos,19:00 a 21:00,6355994.131,5437999.802
Contenedor en vía pública,Metálico Naranja Lateral,ITALIA 19,Reciclables,Lunes a Domingos,19:00 a 21:00,6356221.2,5439631.535
Contenedor en vía pública,Metálico Naranja Lateral,OROÑO NICASIO 59,Reciclables,Lunes a Domingos,19:00 a 21:00,6356379.328,5439146.639
Contenedor en vía pública,Metálico Naranja Lateral,ALBERDI JUAN BAUTISTA 782,Reciclables,Lunes a Domingos,19:00 a 21:00,6358075.926,5436103.727
Contenedor en vía pública,Metálico Naranja Lateral,CHACABUCO 1583,Reciclables,Lunes a Domingos,19:00 a 21:00,6353627.313,5441544.92
Contenedor en vía pública,Metálico Naranja Lateral,ALBERDI JUAN BAUTISTA 282,Reciclables,Lunes a Domingos,19:00 a 21:00,6357306.619,5436628.291
Contenedor en vía pública,Metálico Naranja Lateral,ITALIA 1325,Reciclables,Lunes a Domingos,19:00 a 21:00,6354432.546,5439265.084
Contenedor en vía pública,Metálico Naranja Lateral,ITUZAINGO 1012,Reciclables,Lunes a Domingos,19:00 a 21:00,6353365.638,5440123.054
Contenedor en vía pública,Metálico Naranja Lateral,PROVINCIAS UNIDAS 983,Reciclables,Lunes a Domingos,19:00 a 21:00,6355768.589,5433355.851
Contenedor en vía pública,Metálico Naranja Lateral,MENDOZA 5885,Reciclables,Lunes a Domingos,19:00 a 21:00,6355638.036,5434238.503
Contenedor en vía pública,Metálico Naranja Lateral,MENDOZA 5113,Reciclables,Lunes a Domingos,19:00 a 21:00,6355456.671,5435118.68
Contenedor en vía pública,Metálico Naranja Lateral,ALBERDI JUAN BAUTISTA 632,Reciclables,Lunes a Domingos,19:00 a 21:00,6357843.104,5436263.348
Contenedor en vía pública,Metálico Naranja Lateral,MONTEVIDEO 2767,Reciclables,Lunes a Domingos,19:00 a 21:00,6354339.806,5437963.606
Contenedor en vía pública,Metálico Naranja Lateral,OCAMPO 687,Reciclables,Lunes a Domingos,19:00 a 21:00,6352646.067,5440395.598
Contenedor en vía pública,Metálico Naranja Lateral,OCAMPO 1595,Reciclables,Lunes a Domingos,19:00 a 21:00,6352888.011,5439221.105
Contenedor en vía pública,Metálico Naranja Lateral,OCAMPO 1879,Reciclables,Lunes a Domingos,19:00 a 21:00,6352963.068,5438857.29
Contenedor en vía pública,Metálico Naranja Lateral,DORREGO MANUEL 1510,Reciclables,Lunes a Domingos,19:00 a 21:00,6354229.793,5439090.842
Contenedor en vía pública,Metálico Naranja Lateral,PROVINCIAS UNIDAS 693,Reciclables,Lunes a Domingos,19:00 a 21:00,6356131.984,5433338.882
Contenedor en vía pública,Metálico Naranja Lateral,ALBERDI JUAN BAUTISTA 430,Reciclables,Lunes a Domingos,19:00 a 21:00,6357554.423,5436459.688
Contenedor en vía pública,Metálico Naranja Lateral,PASCO 991,Reciclables,Lunes a Domingos,19:00 a 21:00,6353488.783,5440173.317
Contenedor en vía pública,Metálico Naranja Lateral,SAN LUIS 3087,Reciclables,Lunes a Domingos,19:00 a 21:00,6355211.664,5437726.793
Contenedor en vía pública,Metálico Naranja Lateral,SAN LUIS 3349,Reciclables,Lunes a Domingos,19:00 a 21:00,6355281.833,5437386.868
Contenedor en vía pública,Metálico Naranja Lateral,MITRE GENERAL BARTOLOME 361,Reciclables,Lunes a Domingos,19:00 a 21:00,6355565.211,5440310.338
Contenedor en vía pública,Metálico Naranja Lateral,PRIMERO DE MAYO 987,Reciclables,Lunes a Domingos,19:00 a 21:00,6354544.197,5441055.904
Contenedor en vía pública,Metálico Naranja Lateral,SALTA 1175,Reciclables,Lunes a Domingos,19:00 a 21:00,6355778.781,5440373.723
Contenedor en vía pública,Metálico Naranja Lateral,PELLEGRINI CARLOS 68,Reciclables,Lunes a Domingos,19:00 a 21:00,6353501.098,5441477.028
Contenedor en vía pública,Metálico Naranja Lateral,DORREGO MANUEL 714,Reciclables,Lunes a Domingos,19:00 a 21:00,6355324.775,5439316.258
Contenedor en vía pública,Metálico Naranja Lateral,NUEVE DE JULIO 3691,Reciclables,Lunes a Domingos,19:00 a 21:00,6354838.428,5436840.609
Contenedor en vía pública,Metálico Naranja Lateral,CARRASCO EUDORO 3973,Reciclables,Lunes a Domingos,19:00 a 21:00,6362715.932,5435584.428
Contenedor en vía pública,Metálico Naranja Lateral,CARRASCO EUDORO 4275,Reciclables,Lunes a Domingos,19:00 a 21:00,6363078.461,5435488.41
Contenedor en vía pública,Metálico Naranja Lateral,ALSINA ADOLFO 2116,Reciclables,Lunes a Domingos,19:00 a 21:00,6353982.998,5436387.142
Contenedor en vía pública,Metálico Naranja Lateral,CASTELLANOS AARON 2213,Reciclables,Lunes a Domingos,19:00 a 21:00,6353830.624,5436488.99
Contenedor en vía pública,Metálico Naranja Lateral,SAN LORENZO 3261,Reciclables,Lunes a Domingos,19:00 a 21:00,6355801.852,5437611.518
Contenedor en vía pública,Metálico Naranja Lateral,OROÑO NICASIO 1177,Reciclables,Lunes a Domingos,19:00 a 21:00,6354733.325,5438808.86
Contenedor en vía pública,Metálico Naranja Lateral,PERON EVA 4593,Reciclables,Lunes a Domingos,19:00 a 21:00,6355899.042,5435861.379
Contenedor en vía pública,Metálico Naranja Lateral,ESPAÑA 140,Reciclables,Lunes a Domingos,19:00 a 21:00,6355994.722,5439719.404
Contenedor en vía pública,Metálico Naranja Lateral,BALCARCE 716,Reciclables,Lunes a Domingos,19:00 a 21:00,6355373.84,5439061.708
Contenedor en vía pública,Metálico Naranja Lateral,BALCARCE 175,Reciclables,Lunes a Domingos,19:00 a 21:00,6356502.081,5439294.103
Contenedor en vía pública,Metálico Naranja Lateral,CORRIENTES 365,Reciclables,Lunes a Domingos,19:00 a 21:00,6355619.22,5440047.333
Contenedor en vía pública,Metálico Naranja Lateral,CORRIENTES 953,Reciclables,Lunes a Domingos,19:00 a 21:00,6354860,5439891.972
Contenedor en vía pública,Metálico Naranja Lateral,ESPAÑA 1540,Reciclables,Lunes a Domingos,19:00 a 21:00,6354137.919,5439337.123
Contenedor en vía pública,Metálico Naranja Lateral,MITRE GENERAL BARTOLOME 741,Reciclables,Lunes a Domingos,19:00 a 21:00,6355096.082,5440212.86
Contenedor en vía pública,Metálico Naranja Lateral,MITRE GENERAL BARTOLOME 965,Reciclables,Lunes a Domingos,19:00 a 21:00,6354763.016,5440145.21
Contenedor en vía pública,Metálico Naranja Lateral,SAN LUIS 1053,Reciclables,Lunes a Domingos,19:00 a 21:00,6354677.216,5440326.693
Contenedor en vía pública,Metálico Naranja Lateral,ESPAÑA 1318,Reciclables,Lunes a Domingos,19:00 a 21:00,6354415.641,5439394.533
Contenedor en vía pública,Metálico Naranja Lateral,ITALIA 983,Reciclables,Lunes a Domingos,19:00 a 21:00,6354903.171,5439361.726
Contenedor en vía pública,Metálico Naranja Lateral,MITRE GENERAL BARTOLOME 1385,Reciclables,Lunes a Domingos,19:00 a 21:00,6354200.739,5440029.33
Contenedor en vía pública,Metálico Naranja Lateral,PARAGUAY 1194,Reciclables,Lunes a Domingos,19:00 a 21:00,6354527.676,5439689.041
Contenedor en vía pública,Metálico Naranja Lateral,SARMIENTO DOMINGO FAUSTINO 1368,Reciclables,Lunes a Domingos,19:00 a 21:00,6354194.108,5440162.223
Contenedor en vía pública,Metálico Naranja Lateral,COLON CRISTOBAL 1522,Reciclables,Lunes a Domingos,19:00 a 21:00,6353747.91,5441304.4
Contenedor en vía pública,Metálico Naranja Lateral,AYACUCHO BATALLA DE 1142,Reciclables,Lunes a Domingos,19:00 a 21:00,6354280.41,5441273.075
Contenedor en vía pública,Metálico Naranja Lateral,BUENOS AIRES 1177,Reciclables,Lunes a Domingos,19:00 a 21:00,6354341.321,5440725.244
Contenedor en vía pública,Metálico Naranja Lateral,RIOBAMBA 426,Reciclables,Lunes a Domingos,19:00 a 21:00,6352953.396,5440836.455
Contenedor en vía pública,Metálico Naranja Lateral,COCHABAMBA 1992,Reciclables,Lunes a Domingos,19:00 a 21:00,6353882.943,5438896.683
Contenedor en vía pública,Metálico Naranja Lateral,PELLEGRINI CARLOS 632,Reciclables,Lunes a Domingos,19:00 a 21:00,6353657.172,5440681.548
Contenedor en vía pública,Metálico Naranja Lateral,PELLEGRINI CARLOS 993,Reciclables,Lunes a Domingos,19:00 a 21:00,6353735.494,5440221.528
Contenedor en vía pública,Metálico Naranja Lateral,BELGRANO GRAL. MANUEL 2412,Reciclables,Lunes a Domingos,19:00 a 21:00,6352491.449,5441810.328
Contenedor en vía pública,Metálico Naranja Lateral,CERRITO 681,Reciclables,Lunes a Domingos,19:00 a 21:00,6353153.74,5440508.069
Contenedor en vía pública,Metálico Naranja Lateral,JUJUY 2710,Reciclables,Lunes a Domingos,19:00 a 21:00,6356310.819,5438449.618
Contenedor en vía pública,Metálico Naranja Lateral,MENDOZA 2757,Reciclables,Lunes a Domingos,19:00 a 21:00,6354846.762,5438082.379
Contenedor en vía pública,Metálico Naranja Lateral,MONTEVIDEO 3397,Reciclables,Lunes a Domingos,19:00 a 21:00,6354505.099,5437162.292
Contenedor en vía pública,Metálico Naranja Lateral,ROCA PTE. JULIO ARGENTINO 87,Reciclables,Lunes a Domingos,19:00 a 21:00,6356035.381,5439862.45
Contenedor en vía pública,Metálico Naranja Lateral,LAGOS OVIDIO 2222,Reciclables,Lunes a Domingos,19:00 a 21:00,6353552.15,5437764.996
Contenedor en vía pública,Metálico Naranja Lateral,LAGOS OVIDIO 3131,Reciclables,Lunes a Domingos,19:00 a 21:00,6352398.273,5437553.696
Contenedor en vía pública,Metálico Naranja Lateral,OROÑO NICASIO 3712,Reciclables,Lunes a Domingos,19:00 a 21:00,6351506.239,5438121.325
Contenedor en vía pública,Metálico Naranja Lateral,OROÑO NICASIO 4446,Reciclables,Lunes a Domingos,19:00 a 21:00,6350553.413,5437925.107
Contenedor en vía pública,Metálico Naranja Lateral,VEINTISIETE DE FEBRERO 1993,Reciclables,Lunes a Domingos,19:00 a 21:00,6352857.09,5438685.283
Contenedor en vía pública,Metálico Naranja Lateral,OROÑO NICASIO 4012,Reciclables,Lunes a Domingos,19:00 a 21:00,6351127.26,5438043.274
Contenedor en vía pública,Metálico Naranja Lateral,VEINTISIETE DE FEBRERO 1685,Reciclables,Lunes a Domingos,19:00 a 21:00,6352776.742,5439076.247
Contenedor en vía pública,Metálico Naranja Lateral,PELLEGRINI CARLOS 2926,Reciclables,Lunes a Domingos,19:00 a 21:00,6354263.286,5437738.67
Contenedor en vía pública,Metálico Naranja Lateral,PERON PTE. JUAN DOMINGO 3029,Reciclables,Lunes a Domingos,19:00 a 21:00,6353917.927,5437535.974
Contenedor en vía pública,Metálico Naranja Lateral,PELLEGRINI CARLOS 3632,Reciclables,Lunes a Domingos,19:00 a 21:00,6354448.431,5436840.971
Contenedor en vía pública,Metálico Naranja Lateral,MENDOZA 6889,Reciclables,Lunes a Domingos,19:00 a 21:00,6355605.95,5433148.49
Contenedor en vía pública,Metálico Naranja Lateral,MENDOZA 7609,Reciclables,Lunes a Domingos,19:00 a 21:00,6355569.292,5432213.097
Contenedor en vía pública,Metálico Naranja Lateral,MENDOZA 3987,Reciclables,Lunes a Domingos,19:00 a 21:00,6355170.02,5436515.861
Contenedor en vía pública,Metálico Naranja Lateral,SAN JUAN 2916,Reciclables,Lunes a Domingos,19:00 a 21:00,6355043.336,5437913.563
Contenedor en vía pública,Metálico Naranja Lateral,MENDOZA 6589,Reciclables,Lunes a Domingos,19:00 a 21:00,6355619.326,5433484.242
Contenedor en vía pública,Metálico Naranja Lateral,MENDOZA 7195,Reciclables,Lunes a Domingos,19:00 a 21:00,6355592.91,5432821.228
Contenedor en vía pública,Metálico Naranja Lateral,MENDOZA 4295,Reciclables,Lunes a Domingos,19:00 a 21:00,6355251.565,5436123.391
Contenedor en vía pública,Metálico Naranja Lateral,MENDOZA 3679,Reciclables,Lunes a Domingos,19:00 a 21:00,6355088.985,5436908.428
Contenedor en vía pública,Metálico Naranja Lateral,SAN JUAN 3924,Reciclables,Lunes a Domingos,19:00 a 21:00,6355308.11,5436630.679
Contenedor en vía pública,Metálico Naranja Lateral,PERON EVA 7883,Reciclables,Lunes a Domingos,19:00 a 21:00,6356780.906,5431564.223
Contenedor en vía pública,Metálico Naranja Lateral,CARRASCO EUDORO 3596,Reciclables,Lunes a Domingos,19:00 a 21:00,6362199.316,5435639.662
Contenedor en vía pública,Metálico Naranja Lateral,ALBERDI JUAN BAUTISTA 182,Reciclables,Lunes a Domingos,19:00 a 21:00,6357072.959,5436787.924
Contenedor en vía pública,Metálico Naranja Lateral,PERON EVA 6553,Reciclables,Lunes a Domingos,19:00 a 21:00,6356380.2,5433503.158
Contenedor en vía pública,Metálico Naranja Lateral,SANTA FE 3622,Reciclables,Lunes a Domingos,19:00 a 21:00,6355793.498,5437130.262
Contenedor en vía pública,Metálico Naranja Lateral,SANTA FE 3848,Reciclables,Lunes a Domingos,19:00 a 21:00,6355854.076,5436836.54
Contenedor en vía pública,Metálico Naranja Lateral,LAGOS OVIDIO 2825,Reciclables,Lunes a Domingos,19:00 a 21:00,6352783.732,5437630.201
Contenedor en vía pública,Metálico Naranja Lateral,BERUTI ANTONIO LUIS 2207,Reciclables,Lunes a Domingos,19:00 a 21:00,6352765.14,5441722.142
Contenedor en vía pública,Metálico Naranja Lateral,BELGRANO GRAL. MANUEL 2322,Reciclables,Lunes a Domingos,19:00 a 21:00,6352586.64,5441827.369
Contenedor en vía pública,Metálico Naranja Lateral,ROCA PTE. JULIO ARGENTINO 585,Reciclables,Lunes a Domingos,19:00 a 21:00,6355386.408,5439729.356
Contenedor en vía pública,Metálico Naranja Lateral,AYACUCHO BATALLA DE 5679,Reciclables,Lunes a Domingos,19:00 a 21:00,6348771.21,5440564.797
Contenedor en vía pública,Metálico Naranja Lateral,URIBURU PTE. JOSE EVARISTO 1037,Reciclables,Lunes a Domingos,19:00 a 21:00,6350054.574,5439462.063
Contenedor en vía pública,Metálico Naranja Lateral,URIBURU PTE. JOSE EVARISTO 1329,Reciclables,Lunes a Domingos,19:00 a 21:00,6350034.125,5438994.106
Contenedor en vía pública,Metálico Naranja Lateral,URIBURU PTE. JOSE EVARISTO 1551,Reciclables,Lunes a Domingos,19:00 a 21:00,6350020.956,5438691.39
Contenedor en vía pública,Metálico Naranja Lateral,NUEVE DE JULIO 2489,Reciclables,Lunes a Domingos,19:00 a 21:00,6354522.835,5438370.451
Contenedor en vía pública,Metálico Naranja Lateral,NUEVE DE JULIO 2787,Reciclables,Lunes a Domingos,19:00 a 21:00,6354601.144,5437990.56
Contenedor en vía pública,Metálico Naranja Lateral,NUEVE DE JULIO 3035,Reciclables,Lunes a Domingos,19:00 a 21:00,6354665.444,5437678.643
Contenedor en vía pública,Metálico Naranja Lateral,NUEVE DE JULIO 3389,Reciclables,Lunes a Domingos,19:00 a 21:00,6354759.013,5437225.31
Contenedor en vía pública,Metálico Naranja Lateral,CERRITO 985,Reciclables,Lunes a Domingos,19:00 a 21:00,6353231.702,5440128.087
Contenedor en vía pública,Metálico Naranja Lateral,GUEMES MARTIN MIGUEL JUAN DE 2710,Reciclables,Lunes a Domingos,19:00 a 21:00,6356568.058,5438502.521
Contenedor en vía pública,Metálico Naranja Lateral,JUJUY 3008,Reciclables,Lunes a Domingos,19:00 a 21:00,6356388.702,5438070.909
Contenedor en vía pública,Metálico Naranja Lateral,LA PAZ 989,Reciclables,Lunes a Domingos,19:00 a 21:00,6352977.78,5440070.912
Contenedor en vía pública,Metálico Naranja Lateral,MENDOZA 3085,Reciclables,Lunes a Domingos,19:00 a 21:00,6354931.258,5437672.481
Contenedor en vía pública,Metálico Naranja Lateral,MONTEVIDEO 3083,Reciclables,Lunes a Domingos,19:00 a 21:00,6354420.886,5437570.254
Contenedor en vía pública,Metálico Naranja Lateral,CATAMARCA 2723,Reciclables,Lunes a Domingos,19:00 a 21:00,6356053.802,5438377.372
Contenedor en vía pública,Metálico Naranja Lateral,MENDOZA 7831,Reciclables,Lunes a Domingos,19:00 a 21:00,6355550.916,5431722.25
Contenedor en vía pública,Metálico Naranja Lateral,ALSINA ADOLFO 1822,Reciclables,Lunes a Domingos,19:00 a 21:00,6354355.741,5436464.34
Contenedor en vía pública,Metálico Naranja Lateral,CASTELLANOS AARON 1931,Reciclables,Lunes a Domingos,19:00 a 21:00,6354189.709,5436563.355
Contenedor en vía pública,Metálico Naranja Lateral,CORRIENTES 1159,Reciclables,Lunes a Domingos,19:00 a 21:00,6354556.703,5439828.91
Contenedor en vía pública,Metálico Naranja Lateral,NECOCHEA GRAL. MARIANO 1589,Reciclables,Lunes a Domingos,19:00 a 21:00,6353644.637,5441414.092
Contenedor en vía pública,Metálico Naranja Lateral,TRES DE FEBRERO 2910,Reciclables,Lunes a Domingos,19:00 a 21:00,6354750.259,5437861.053
Contenedor en vía pública,Metálico Naranja Lateral,RIOJA 2922,Reciclables,Lunes a Domingos,19:00 a 21:00,6355332.402,5437962.512
Contenedor en vía pública,Metálico Naranja Lateral,ZEBALLOS DR. ESTANISLAO 3510,Reciclables,Lunes a Domingos,19:00 a 21:00,6354661.315,5437048.372
Contenedor en vía pública,Metálico Naranja Lateral,CRESPO GOBERNADOR DOMINGO 226,Reciclables,Lunes a Domingos,19:00 a 21:00,6356301.679,5437662.433
Contenedor en vía pública,Metálico Naranja Lateral,SAN LORENZO 3567,Reciclables,Lunes a Domingos,19:00 a 21:00,6355882.21,5437221.863
Contenedor en vía pública,Metálico Naranja Lateral,TRES DE FEBRERO 3214,Reciclables,Lunes a Domingos,19:00 a 21:00,6354829.865,5437475.243
Contenedor en vía pública,Metálico Naranja Lateral,ZEBALLOS DR. ESTANISLAO 3216,Reciclables,Lunes a Domingos,19:00 a 21:00,6354584.188,5437421.983
Contenedor en vía pública,Metálico Naranja Lateral,TUCUMAN 3451,Reciclables,Lunes a Domingos,19:00 a 21:00,6356112.715,5437423.152
Contenedor en vía pública,Metálico Naranja Lateral,SUIPACHA 218,Reciclables,Lunes a Domingos,19:00 a 21:00,6356233.773,5438046.565
Contenedor en vía pública,Metálico Naranja Lateral,OROÑO NICASIO 3452,Reciclables,Lunes a Domingos,19:00 a 21:00,6351835.423,5438188.866
Contenedor en vía pública,Metálico Naranja Lateral,SAN MARTIN GRAL. JOSE 5312,Reciclables,Lunes a Domingos,19:00 a 21:00,6349153.545,5439389.072
Contenedor en vía pública,Metálico Naranja Lateral,URIBURU PTE. JOSE EVARISTO 712,Reciclables,Lunes a Domingos,19:00 a 21:00,6350087.442,5439836.061
Contenedor en vía pública,Metálico Naranja Lateral,SEGUI JUAN FRANCISCO 795,Reciclables,Lunes a Domingos,19:00 a 21:00,6351265.966,5439949.781
Contenedor en vía pública,Metálico Naranja Lateral,SAN MARTIN GRAL. JOSE 3912,Reciclables,Lunes a Domingos,19:00 a 21:00,6350915.576,5439700.387
Contenedor en vía pública,Metálico Naranja Lateral,SAN MARTIN GRAL. JOSE 4412,Reciclables,Lunes a Domingos,19:00 a 21:00,6350274.825,5439588.243
Contenedor en vía pública,Metálico Naranja Lateral,VEINTISIETE DE FEBRERO 404,Reciclables,Lunes a Domingos,19:00 a 21:00,6352446.845,5440763.165
Contenedor en vía pública,Metálico Naranja Lateral,SAN MARTIN GRAL. JOSE 2812,Reciclables,Lunes a Domingos,19:00 a 21:00,6352332.099,5439919.699
Contenedor en vía pública,Metálico Naranja Lateral,AYACUCHO BATALLA DE 5377,Reciclables,Lunes a Domingos,19:00 a 21:00,6349122.643,5440534.804
Contenedor en vía pública,Metálico Naranja Lateral,SAN MARTIN GRAL. JOSE 4610,Reciclables,Lunes a Domingos,19:00 a 21:00,6350048.806,5439546.488
Contenedor en vía pública,Metálico Naranja Lateral,VEINTISIETE DE FEBRERO 718,Reciclables,Lunes a Domingos,19:00 a 21:00,6352535.548,5440331.262
Contenedor en vía pública,Metálico Naranja Lateral,SAN MARTIN GRAL. JOSE 3010,Reciclables,Lunes a Domingos,19:00 a 21:00,6352079.74,5439868.13
Contenedor en vía pública,Metálico Naranja Lateral,RIVADAVIA BERNARDINO 2693,Reciclables,Lunes a Domingos,19:00 a 21:00,6356682.172,5438589.877
Contenedor en vía pública,Metálico Naranja Lateral,TUCUMAN 2387,Reciclables,Lunes a Domingos,19:00 a 21:00,6355833.852,5438776.171
Contenedor en vía pública,Metálico Naranja Lateral,TUCUMAN 2665,Reciclables,Lunes a Domingos,19:00 a 21:00,6355906.674,5438423.421
Contenedor en vía pública,Metálico Naranja Lateral,OROÑO NICASIO 795,Reciclables,Lunes a Domingos,19:00 a 21:00,6355274.914,5438920.296
Contenedor en vía pública,Metálico Naranja Lateral,OROÑO NICASIO 1357,Reciclables,Lunes a Domingos,19:00 a 21:00,6354495.038,5438759.819
Contenedor en vía pública,Metálico Naranja Lateral,OROÑO NICASIO 957,Reciclables,Lunes a Domingos,19:00 a 21:00,6355047.838,5438873.587
Contenedor en vía pública,Metálico Naranja Lateral,BROWN ALMTE. GUILLERMO 2393,Reciclables,Lunes a Domingos,19:00 a 21:00,6356355.554,5438875.579
Contenedor en vía pública,Metálico Naranja Lateral,BROWN ALMTE. GUILLERMO 2689,Reciclables,Lunes a Domingos,19:00 a 21:00,6356433.155,5438499.33
Contenedor en vía pública,Metálico Naranja Lateral,CALLAO 227,Reciclables,Lunes a Domingos,19:00 a 21:00,6356142.233,5438426.025
Contenedor en vía pública,Metálico Naranja Lateral,RIVADAVIA BERNARDINO 2091,Reciclables,Lunes a Domingos,19:00 a 21:00,6356531.848,5439309.6
Contenedor en vía pública,Metálico Naranja Lateral,RIVADAVIA BERNARDINO 2333,Reciclables,Lunes a Domingos,19:00 a 21:00,6356596.321,5439006.776
Contenedor en vía pública,Metálico Naranja Lateral,WHEELWRIGHT GUILLERMO 1789,Reciclables,Lunes a Domingos,19:00 a 21:00,6356304.401,5439662.669
Contenedor en vía pública,Metálico Naranja Lateral,RIOJA 2306,Reciclables,Lunes a Domingos,19:00 a 21:00,6355170.011,5438750.31
Contenedor en vía pública,Metálico Naranja Lateral,SAN JUAN 2310,Reciclables,Lunes a Domingos,19:00 a 21:00,6354884.165,5438685.733
Contenedor en vía pública,Metálico Naranja Lateral,SAN LORENZO 2683,Reciclables,Lunes a Domingos,19:00 a 21:00,6355650.125,5438346.399
Contenedor en vía pública,Metálico Naranja Lateral,DE LA LIBERTAD 146,Reciclables,Lunes a Domingos,19:00 a 21:00,6354204.314,5441462.634
Contenedor en vía pública,Metálico Naranja Lateral,TRES DE FEBRERO 2612,Reciclables,Lunes a Domingos,19:00 a 21:00,6354671.933,5438241.006
Contenedor en vía pública,Metálico Naranja Lateral,RIOJA 2606,Reciclables,Lunes a Domingos,19:00 a 21:00,6355248.694,5438368.555
Contenedor en vía pública,Metálico Naranja Lateral,ALBERDI JUAN BAUTISTA 1012,Reciclables,Lunes a Domingos,19:00 a 21:00,6358309.995,5435943.069
Contenedor en vía pública,Metálico Naranja Lateral,PERON EVA 5061,Reciclables,Lunes a Domingos,19:00 a 21:00,6356030.666,5435220.95
Contenedor en vía pública,Metálico Naranja Lateral,CORDOBA 3635,Reciclables,Lunes a Domingos,19:00 a 21:00,6355647.638,5437082.018
Contenedor en vía pública,Metálico Naranja Lateral,CORDOBA 3933,Reciclables,Lunes a Domingos,19:00 a 21:00,6355725.893,5436702.957
Contenedor en vía pública,Metálico Naranja Lateral,URQUIZA GRAL. JUSTO JOSE 2406,Reciclables,Lunes a Domingos,19:00 a 21:00,6355708.655,5438728.573
Contenedor en vía pública,Metálico Naranja Lateral,URQUIZA GRAL. JUSTO JOSE 2704,Reciclables,Lunes a Domingos,19:00 a 21:00,6355786.705,5438350.159
Contenedor en vía pública,Metálico Naranja Lateral,URQUIZA GRAL. JUSTO JOSE 3108,Reciclables,Lunes a Domingos,19:00 a 21:00,6355894.97,5437825.284
Contenedor en vía pública,Metálico Naranja Lateral,URQUIZA GRAL. JUSTO JOSE 3314,Reciclables,Lunes a Domingos,19:00 a 21:00,6355947.111,5437572.48
Contenedor en vía pública,Metálico Naranja Lateral,CARRASCO EUDORO 2514,Reciclables,Lunes a Domingos,19:00 a 21:00,6361390.826,5435717.425
Contenedor en vía pública,Metálico Naranja Lateral,MITRE GENERAL BARTOLOME 1543,Reciclables,Lunes a Domingos,19:00 a 21:00,6353999.548,5439988.643
Contenedor en vía pública,Metálico Naranja Lateral,SAN LUIS 1235,Reciclables,Lunes a Domingos,19:00 a 21:00,6354724.209,5440095.329
Contenedor en vía pública,Metálico Naranja Lateral,PERON PTE. JUAN DOMINGO 3695,Reciclables,Lunes a Domingos,19:00 a 21:00,6353785.143,5436616.565
Contenedor en vía pública,Metálico Naranja Lateral,PERON PTE. JUAN DOMINGO 3937,Reciclables,Lunes a Domingos,19:00 a 21:00,6353737.649,5436287.504
Contenedor en vía pública,Metálico Naranja Lateral,URQUIZA GRAL. JUSTO JOSE 3612,Reciclables,Lunes a Domingos,19:00 a 21:00,6356025.298,5437193.364
Contenedor en vía pública,Metálico Naranja Lateral,TUCUMAN 4085,Reciclables,Lunes a Domingos,19:00 a 21:00,6356277.712,5436624.751
Contenedor en vía pública,Metálico Naranja Lateral,RIOJA 3858,Reciclables,Lunes a Domingos,19:00 a 21:00,6355578.081,5436772.157
Contenedor en vía pública,Metálico Naranja Lateral,SAN LORENZO 3839,Reciclables,Lunes a Domingos,19:00 a 21:00,6355954.182,5436872.904
Contenedor en vía pública,Metálico Naranja Lateral,TUCUMAN 3783,Reciclables,Lunes a Domingos,19:00 a 21:00,6356200.29,5436999.389
Contenedor en vía pública,Metálico Naranja Lateral,RIOBAMBA 122,Reciclables,Lunes a Domingos,19:00 a 21:00,6352872.876,5441229.319
Contenedor en vía pública,Metálico Naranja Lateral,SEGUI JUAN FRANCISCO 1312,Reciclables,Lunes a Domingos,19:00 a 21:00,6351422.081,5439306.335
Contenedor en vía pública,Metálico Naranja Lateral,ROSAS BRGD. JUAN MANUEL DE 1322,Reciclables,Lunes a Domingos,19:00 a 21:00,6354119.892,5440823.144
Contenedor en vía pública,Metálico Naranja Lateral,CERRITO 39,Reciclables,Lunes a Domingos,19:00 a 21:00,6352978.721,5441360.355
Contenedor en vía pública,Metálico Naranja Lateral,OROÑO NICASIO 3060,Reciclables,Lunes a Domingos,19:00 a 21:00,6352334.158,5438290.878
Contenedor en vía pública,Metálico Naranja Lateral,BELGRANO GRAL. MANUEL 652,Reciclables,Lunes a Domingos,19:00 a 21:00,6355045.955,5440959.911
Contenedor en vía pública,Metálico Naranja Lateral,CATAMARCA 2442,Reciclables,Lunes a Domingos,19:00 a 21:00,6355980.048,5438734.899
Contenedor en vía pública,Metálico Naranja Lateral,PELLEGRINI CARLOS 2330,Reciclables,Lunes a Domingos,19:00 a 21:00,6354106.877,5438497.512
Centro de Recepción - Desechos informáticos,Galpón Lavalle,Lavalle 3569,Desechos informáticos,Lunes a Viernes,09:00 a 15:00,-32.97145756,-60.68563873
Centro de Recepción - Desechos informáticos,Galpón Montevideo,Montevideo 2852,Desechos informáticos,Último sábado del mes,10:00 a 15:00,-32.95155191,-60.664473
Punto Verde - Residuos especiales (pilas/aceite/lámparas),Alto Rosario Shopping,Junín 501,Residuos especiales (pilas/aceite/lámparas),Lunes a Domingos,10:00 a 21:00,-32.92699277,-60.67053549
Punto Verde - Residuos especiales (pilas/aceite/lámparas),Planta La República,La República 7481,Residuos especiales (pilas/aceite/lámparas),Lunes a Viernes,09:00 a 15:00,-32.91873373,-60.72268467
Punto Verde - Residuos especiales (pilas/aceite/lámparas),Planta Bv. Seguí,Bv. Seguí 3964,Residuos especiales (pilas/aceite/lámparas),Lunes a Viernes,09:00 a 15:00,-32.97157596,-60.68541293
Centro de Recepción - Residuos especiales (pilas/aceite/lámparas),Centro Ambiental de Tratamiento,Av. de Las Palmeras 4501,Residuos especiales (pilas/aceite/lámparas),Lunes a Domingos,24 horas,-32.98377128,-60.736061